time,seconds_elapsed,z,y,x
1650870606648356600,0.170356689453125, 0,1,3 
1650870606658365700,0.18036572265625,0,1,4
1650870606668375800,0.190375732421875,0,1,5
1650870606678385700,0.2003857421875,0,1,6
1650870606688395800,0.210395751953125,0,1,7
1650870606698404600,0.220404541015625,0,1,8
1650870606708414500,0.23041455078125,0,1,9
1650870606718424600,0.240424560546875,0,1,2
1650870606728434700,0.2504345703125,0,1,2
1650870606738443500,0.260443603515625,0,1,2
